time_h,voltage_v,current_a,temperature_c
0.0,27.574072473219218,46.54849074355798,63.76782068809902
0.8340283569641368,27.95028251702635,44.36895634013357,64.17574211459475
1.6680567139282736,27.504465919234985,47.83258485699801,64.61506250758376
2.5020850708924103,27.34259238759907,48.4154686792847,64.41117569876978
3.336113427856547,27.875467755501845,43.451020174577444,64.19565401664987
4.170141784820684,27.646634714947293,44.859060977643985,64.21602216846382
5.004170141784821,27.502191588247157,47.67278416894675,64.22972994343463
5.838198498748958,27.503195660264005,47.11262657556518,64.18521688001424
6.672226855713094,27.25872411548217,47.89023524020527,65.63829338539202
7.506255212677231,27.54710565628193,46.622952655948644,64.77584579513615
8.340283569641368,27.133544285412682,49.9785610652871,65.07125652734646
9.174311926605505,27.335657162882804,50.032060280165204,64.48221823696802
10.008340283569641,27.16066753038814,48.986376039254004,64.64854684585922
10.842368640533778,26.92911653727866,51.13105595587016,64.44088553915952
11.676396997497916,27.249999839386998,50.176974060881165,63.598303922511576
12.510425354462052,27.52725182776308,48.02102055034629,64.20088385474452
13.344453711426189,27.051493487839146,50.46256261974854,64.03544966108001
14.178482068390325,27.302847300657135,48.30258186783494,63.86688727125383
15.012510425354462,27.01340523107695,51.83815662680341,64.37025940569609
15.8465387823186,26.935041108423608,50.393992727461736,65.53309826062842
16.680567139282736,26.96449045396542,50.376480199053766,64.94538271532262
17.514595496246873,27.192691022093378,49.70731474792047,65.57445424990475
18.34862385321101,26.92032808998581,53.35562334053608,65.2067723360227
19.182652210175146,27.007290402428396,51.09718611743351,65.40191661281129
20.016680567139282,27.070472939266775,50.822792941402504,64.67209911395905
20.85070892410342,27.131319703206774,51.17646501344608,65.34081829714282
21.684737281067555,27.005447739189623,52.982988493240825,65.46029671307862
22.518765638031695,26.76075713398339,52.89508831247513,64.9000136685957
23.35279399499583,26.782517276265295,53.19052223876168,65.43821984965349
24.186822351959968,26.916606553327522,53.431181145848434,65.46792240549964
25.020850708924105,26.209915389616576,56.716482603963016,64.99233739272267
25.85487906588824,26.955077820907093,52.333426557734896,64.76067281147508
26.688907422852377,26.76626104714443,52.34396653564727,64.75912523569382
27.522935779816514,26.91507823798595,51.99974654044752,65.35675419386168
28.35696413678065,26.554592476717925,54.76927036178906,65.49060170365671
29.190992493744787,26.34433277403845,55.885996109172176,65.01220558279735
30.025020850708923,26.590609297878125,53.83938135946908,65.40597249006312
30.85904920767306,26.838056038382085,52.72008266081242,65.67568714587357
31.6930775646372,26.874985301343187,52.93334786676951,65.72183480674876
32.52710592160133,26.438899376077977,55.77063944413017,66.1664632787688
33.36113427856547,26.409917402487157,56.11663436957646,66.06698921707677
34.195162635529606,26.456734036375693,55.93264348769709,65.06575736119174
35.029190992493746,26.576144852977304,53.93016126239419,66.2977006993023
35.863219349457886,26.495621998314366,55.71594657128845,65.32465132635879
36.69724770642202,26.51690516575821,55.674874237054155,66.05704055386444
37.53127606338616,26.62500681157732,56.022011692298754,65.64044975218049
38.36530442035029,26.188073438089816,57.357169129771876,65.44714526456785
39.19933277731443,26.28962305424875,56.347932065230694,64.84165215367237
40.033361134278564,26.291254788688736,57.320950993593904,65.60015934141823
40.867389491242704,26.39764491976509,56.37052645386773,64.99763077839543
41.70141784820684,26.22572920719257,56.915756124264476,66.15636786939534
42.53544620517098,26.1459822304495,57.67454631236934,66.42510791159135
43.36947456213511,26.64744095171861,54.05461346960624,65.40514523007305
44.20350291909925,26.26751855709099,56.23768449789959,65.92057988409034
45.03753127606339,26.310979494068423,56.098306376229274,65.47893663925015
45.87155963302752,26.37482889124978,55.923121916302634,65.54294437927264
46.70558798999166,26.369637225433397,56.702167292048465,66.1944127537273
47.539616346955796,25.8099857260511,60.00879271341123,65.84840155596758
48.373644703919936,26.21564602569846,55.87598967877034,66.66816312569216
49.20767306088407,25.771597890637068,59.29004633649528,65.6876168357742
50.04170141784821,26.406708133997498,54.62667289957051,66.37334309838143
50.87572977481234,26.085751542659146,57.157734867898625,65.98621660417872
51.70975813177648,26.0701497358327,58.154133154994014,66.31893621020686
52.543786488740615,25.859090548169767,59.01295325974856,65.77778563855757
53.377814845704755,25.86334885711161,59.33042886852816,65.9745887776617
54.211843202668895,25.82407070864481,59.56657478340529,65.96251089897181
55.04587155963303,26.088318907904398,57.595003797946696,65.65556460896619
55.87989991659717,26.270264861821325,57.47043639344689,66.34674002703635
56.7139282735613,25.90511541237084,59.92276095672054,66.35813488669527
57.54795663052544,26.06804353882426,58.1055393791177,66.34904680679092
58.381984987489574,26.259198441768685,56.220858064381275,66.78970937915281
59.216013344453714,26.219085182815896,56.54008314748463,66.76610936444789
60.05004170141785,26.216614159995817,56.98357149968676,65.96070866666008
60.88407005838199,25.92191319555282,59.58771910708856,66.31253560265422
61.71809841534612,25.85013270387195,58.99908028476776,65.87896727439954
62.55212677231026,25.808670169093716,60.031094692839844,66.18471880798712
63.3861551292744,25.858300624702807,58.06028065982241,65.91863739307423
64.22018348623854,25.93871690266028,59.15141438420793,66.93156503373508
65.05421184320267,25.867637710317474,60.02439370682652,66.37989798301493
65.8882402001668,25.971202351682567,58.36936473309598,66.13151148071236
66.72226855713095,25.993452221299396,59.77180131959742,66.77983278173876
67.55629691409509,25.968872580259934,57.777108422145325,65.27869512980389
68.39032527105921,25.998034136273255,58.32959273709897,65.36158011087161
69.22435362802335,25.995576150723966,58.30601633163282,66.63819326325161
70.05838198498749,26.159797540589594,56.846224939915324,66.31910046663256
70.89241034195163,25.783800776655976,59.876413489008904,66.41609736505566
71.72643869891577,26.00209196378379,58.1516001062961,65.71770710894442
72.5604670558799,25.969210684322245,59.01121074772224,66.31499989437445
73.39449541284404,25.925152127128335,59.84180073598907,67.23758384457942
74.22852376980818,25.79902466323916,59.763490896212716,66.71712280559765
75.06255212677232,25.81828979770922,60.13625436232752,66.43250712519213
75.89658048373644,25.84769997137979,58.73566931138766,66.1681480061821
76.73060884070058,26.052498716270385,58.12095266938875,66.19742352827662
77.56463719766472,25.827195191817047,58.70491805257001,65.42577637597492
78.39866555462886,26.36632524668312,55.77231664917749,66.50846193848982
79.23269391159299,26.421230633717634,56.161423934400304,66.78127285053655
80.06672226855713,26.168107906023284,56.33768966414179,65.69973103948809
80.90075062552127,25.920602532845674,56.87145846256925,66.1187482367119
81.73477898248541,25.759947701124954,59.329699228249524,65.90282393760566
82.56880733944955,26.21405397612783,56.919514642718234,65.99624254808576
83.40283569641367,26.049263728723034,57.80364498181556,66.4613545904242
84.23686405337781,25.638210320596777,60.75362080721181,65.50561323116641
85.07089241034195,26.100491203897757,57.700142484713986,66.72599070352844
85.9049207673061,25.817609305068096,59.59111416539472,66.79444648066077
86.73894912427022,26.252495533995237,56.501030310726286,66.34752557180444
87.57297748123436,26.05633210338296,57.725526188183075,65.34917977723418
88.4070058381985,26.29250726981301,56.2948910353777,66.02175344925244
89.24103419516264,26.078937015116104,57.3001644701358,67.02925683241277
90.07506255212678,25.846407615606292,59.32438072025732,65.22832815887038
90.9090909090909,26.327221320583963,54.59999403889219,66.32567978219869
91.74311926605505,25.83152542179375,58.38445601043018,65.9543694587982
92.57714762301919,26.10764369161751,57.91975475471238,66.8503953770346
93.41117597998333,26.15574575507563,56.30775054822488,66.1871705500217
94.24520433694745,26.413049879038475,54.65579807641461,66.67504812642956
95.07923269391159,26.033345858241866,57.266149732683054,66.74968667463834
95.91326105087573,26.123006205911107,56.057018844820625,67.32315527433954
96.74728940783987,26.006636704443935,57.29893005495149,66.40681726742248
97.581317764804,26.198463225044296,56.78571659315185,66.668311815233
98.41534612176814,25.769603848788094,59.49216323163567,65.83143070980216
99.24937447873228,26.005599117997033,56.037055437214285,67.03566866598165
100.08340283569642,26.30919258984187,54.480938718481404,66.15769350188278
100.91743119266056,26.243878924790558,56.49772297666842,66.24718607040055
101.75145954962468,26.07442547437123,56.41931839238496,66.48877997521828
102.58548790658882,25.6851189952148,58.314716532590985,65.79442271475638
103.41951626355296,26.16239373526875,57.212843976312485,66.59925962212881
104.2535446205171,26.180147726248748,56.190141233735766,66.92992875808615
105.08757297748123,25.880828041606854,58.016568484310575,66.62430853713339
105.92160133444537,26.43187805300704,53.074476823137104,65.77506754941416
106.75562969140951,26.473954170422292,53.89115952649534,66.43160439571366
107.58965804837365,26.41353852712692,53.200231402132275,66.8181429625398
108.42368640533779,26.447294860050814,53.98872009881407,65.63571094008272
109.25771476230192,26.62747538868207,52.03166719961543,65.9934019873067
110.09174311926606,26.2030337498718,55.469375424755405,66.86739736622935
110.9257714762302,26.39343257973859,53.73964432126207,66.59006737691128
111.75979983319434,26.650351136279834,51.30293934989459,66.64914939321365
112.59382819015846,26.694953331664422,51.930362894729555,67.29543911551829
113.4278565471226,26.24712108771343,54.12807973076999,66.66408648494283
114.26188490408674,26.087412423314998,54.87513405760817,66.74352615619118
115.09591326105088,26.072460843304647,56.76084289054756,67.66121894464624
115.92994161801502,25.871100962023224,58.20943901814866,66.33874698780131
116.76396997497915,26.41817253919496,53.50579056606639,66.0691566710206
117.59799833194329,26.740342060249073,50.771729980965006,66.61362711408957
118.43202668890743,26.933731981490997,48.506009395195996,66.6112501449917
119.26605504587157,26.543044144963755,52.61418839065914,66.16893904278535
120.1000834028357,26.71334075217773,50.45552240954581,65.93331118375144
120.93411175979983,26.639880071994316,50.955648834036026,67.42892156893697
121.76814011676397,26.70206544703215,50.38403411611863,66.52784654872718
122.60216847372811,26.82611666910737,51.013016846912485,66.04218848506171
123.43619683069224,26.268464824683974,52.96402793431667,66.7745108452526
124.27022518765638,26.676523496749343,51.10504097896284,66.30352847901543
125.10425354462052,26.568041129384206,50.31224442089839,66.22882595355252
125.93828190158466,26.921391420365318,48.50746461194559,66.58530238792625
126.7723102585488,27.029313904538217,47.12956465609504,65.74026874581001
127.60633861551293,26.673168434862802,49.03956885625178,66.46931438568306
128.44036697247708,26.84232652566681,49.58769886899842,67.16015944872696
129.2743953294412,26.40042718510889,52.635100051971335,66.49748972663657
130.10842368640533,26.60678335945738,49.454453054443356,66.10647779615174
130.94245204336949,26.715610395631078,50.754916694548655,66.03532395088239
131.7764804003336,27.101201577269304,47.85225447626963,66.06630222287646
132.61050875729774,27.270788046988756,46.38214379472697,66.12379289897449
133.4445371142619,27.146226131847033,46.541024510879225,66.05487230693188
134.27856547122602,27.10408013841354,46.73523730636529,66.62372405706628
135.11259382819017,26.628324304985068,51.633598323398054,65.41762929324238
135.9466221851543,27.317000339216424,46.08494626036704,66.57135504229811
136.78065054211842,26.939860091479318,48.8332752884028,65.99817122131452
137.61467889908258,27.139418588366276,45.45882345032858,66.32392669607265
138.4487072560467,26.87788470382128,48.52064905973852,65.63212198281491
139.28273561301086,27.05719432166579,47.29616479159023,66.72181463478488
140.11676396997498,26.98809484893688,46.080533036651225,66.66882973796467
140.9507923269391,27.19049860603136,46.048212393653905,66.52417383798877
141.78482068390326,27.477072178901633,44.70202901300641,65.39448482639035
142.6188490408674,27.152620479984105,46.44267974908831,66.43269917307242
143.45287739783154,27.429062311966646,44.580006188665294,66.22495512905283
144.28690575479567,27.470182910534984,42.95231919572375,65.3032809796497
145.1209341117598,27.49520816256051,42.61784413855931,65.99731062011723
145.95496246872395,27.273425960623605,44.9888838456038,66.15458674158486
146.78899082568807,26.905233451469297,47.28113770343689,66.22279395411998
147.6230191826522,27.19892104713599,44.48784247267715,66.03405536772276
148.45704753961635,27.479009910658217,43.74801105286426,66.06678513338571
149.29107589658048,27.4414439018127,44.23844976275107,66.5800167236189
150.12510425354463,27.043615682892856,45.83795033233046,66.44948662974882
150.95913261050876,27.42208231826658,43.646083345340344,64.58819742698272
151.7931609674729,27.49797263371082,42.27651768200209,65.7158484728043
152.62718932443704,27.25832650552404,44.77352316403895,65.76465130115174
153.46121768140117,27.41121140377359,43.32108717015943,65.03007504251984
154.29524603836532,27.27753440861761,45.08199376117523,65.8404055559663
155.12927439532945,27.4975500509255,42.41702724283185,66.33919857297994
155.96330275229357,27.889460650079513,39.654077316035405,65.26726904957133
156.79733110925773,27.8528138691602,39.16777405861977,65.8863066601304
157.63135946622185,27.298007084826633,44.37597086731375,65.30124401514091
158.46538782318598,27.1756382947241,44.282317472159235,65.38918127822527
159.29941618015013,27.861405439582366,40.63365893296857,66.33428680099848
160.13344453711426,27.748759733600355,40.04586301214744,65.40296961707647
160.9674728940784,27.43934920825167,43.14681490018876,65.83252237117397
161.80150125104254,27.725798867161487,38.30603159938825,64.7596320336319
162.63552960800666,27.813043467824187,38.47266222608404,66.41662604256231
163.46955796497082,27.707651882631524,41.02764854257852,65.82643143788572
164.30358632193494,27.833619374896074,38.947966302160175,65.4495215956103
165.1376146788991,27.58677677983342,39.4398097507317,65.76680740398896
165.97164303586322,27.880891367473446,38.947855726203144,64.84931623783478
166.80567139282735,27.68628113361889,39.64503230519704,65.99155819570905
167.6396997497915,27.657485742801924,41.36860228114486,65.28907380971549
168.47372810675563,27.7957466255596,38.79838569322795,65.31824885321458
169.30775646371978,27.73003695863933,39.59715036693656,65.16381625046698
170.1417848206839,28.341332738410415,34.55307594626654,65.09851966282669
170.97581317764804,27.808560104334113,37.963682174985344,65.64693889163706
171.8098415346122,27.961407556925533,36.344280718715304,65.42379477948364
172.64386989157632,28.122877885708718,35.48174695703631,65.57600067363744
173.47789824854044,28.159410888733607,35.911310876786246,65.25261394108936
174.3119266055046,27.883421726816106,36.709860101286,65.46115175288128
175.14595496246872,27.62104732478131,38.782188584967614,65.01515547267684
175.97998331943288,28.309438550707704,34.57138443373512,66.18023014712503
176.814011676397,27.901196917824056,36.842460931748,64.44428596256473
177.64804003336113,28.059882844529273,35.74741671990532,65.69007329654629
178.48206839032528,27.913032908477128,35.863929966230266,65.71080234329264
179.3160967472894,27.75799318354713,38.09680457820533,64.68416329454891
180.15012510425356,27.95097593255203,37.10188196891826,66.04299958410917
180.9841534612177,27.883132690805965,38.38541366564684,65.45979240145589
181.8181818181818,28.0229758537083,35.54825224284555,65.42063595081136
182.65221017514597,28.34306105225494,34.425425781569686,64.96784402919334
183.4862385321101,28.053084640548963,35.130482173242875,64.82890467803155
184.32026688907422,27.977030516430293,35.82882307518202,64.80365938951893
185.15429524603837,28.20565849973965,35.57270541687799,65.04468631995529
185.9883236030025,28.33961289780764,33.1692102915882,65.47035562957079
186.82235195996665,28.050415552918615,35.153962755516176,64.8921103264314
187.65638031693078,28.057806131615727,35.27564601108625,64.37089211014286
188.4904086738949,27.78833133515284,39.2738670592099,65.12238525832196
189.32443703085906,27.930326328590624,38.00217982477314,65.1360936378229
190.15846538782318,28.23801861770091,32.97337490743227,64.98618956414894
190.99249374478734,28.212245655703565,33.8812233636459,64.99692139805232
191.82652210175146,28.43349474612416,31.65760337421006,64.50922338702065
192.6605504587156,28.177450480653974,33.12583365874302,64.18263303530605
193.49457881567974,28.101659409365887,34.65855961471066,64.17937412395717
194.32860717264387,27.939480718819084,36.166462349382066,63.80333455317471
195.162635529608,28.422964775915535,32.593153522483135,64.61500353966622
195.99666388657215,28.416387094913308,32.64177387160894,64.43976314028102
196.83069224353628,28.545872826890022,29.87203431070959,64.24811682322911
197.66472060050043,28.175365817360856,33.366485270274694,63.0847397903117
198.49874895746456,28.439152261488786,31.67330635983855,63.82199616196627
199.33277731442868,28.259517470538707,32.563294009084956,64.85605490029477
200.16680567139284,28.41049877805568,31.872856385562823,64.02085235627548
201.00083402835696,28.221021582846483,33.22076448186326,64.45033068175759
201.83486238532112,28.422697501258735,30.1700886275895,63.63026234349526
202.66889074228524,28.405175143151894,30.64123168821567,64.8713736841176
203.50291909924937,27.94549257171128,37.066839966474916,64.12691136188124
204.33694745621352,28.432679981945984,30.87350158147589,64.28989484417494
205.17097581317765,28.582832048013778,31.17771516231248,65.17351880822694
206.0050041701418,27.8409321247467,36.42385381650219,64.77674868755581
206.83903252710593,27.691982904144364,38.316435775840766,63.92372349287116
207.67306088407005,28.62729098315439,30.95283582612989,63.76195410477328
208.5070892410342,28.17332919198727,32.37759281758107,63.849534039097016
209.34111759799833,27.975286353273177,33.63847769549998,64.19251371819581
210.17514595496246,27.996181993926697,36.12302756810572,63.882646138069575
211.0091743119266,28.29553647571403,31.227184738784622,63.71898508847509
211.84320266889074,28.251330694147956,32.55864729096149,64.52383812669586
212.6772310258549,27.99209768862333,34.40044040723819,63.77889057770876
213.51125938281902,28.153247846053464,33.78936211118687,64.83169864907018
214.34528773978315,28.16169590769214,32.33971579934933,63.80423951792592
215.1793160967473,28.200170812711796,32.790388645813614,64.53324695067535
216.01334445371143,28.458020424482225,30.575385513684417,63.85702545477292
216.84737281067558,28.122728073963525,32.64486144710778,64.09587498304099
217.6814011676397,28.129881428471297,32.62189312277849,63.302714975126044
218.51542952460383,28.062219505936916,33.55154347079165,63.210784983678934
219.349457881568,28.11419045240496,32.17071530959606,63.7679737168658
220.1834862385321,28.015376213402885,34.06014725247922,63.972030378158316
221.01751459549624,27.94541215822178,35.07973285812203,63.511321471706616
221.8515429524604,28.03229707851442,33.58646089807708,62.880306187623894
222.68557130942452,27.99749814858606,33.99405349248166,62.81299985763583
223.51959966638867,28.06364707255798,33.515116940042155,62.74879674684393
224.3536280233528,28.001750904817335,33.48245597674382,62.561432537472335
225.18765638031692,28.263253008599538,32.25066616671519,63.37195090304188
226.02168473728108,28.14114447290434,34.19060358757681,63.794741192313744
226.8557130942452,28.021443631479357,33.521493519827736,63.24819548666375
227.68974145120936,27.66556867819636,37.54423402314504,62.202782636588395
228.52376980817348,27.706242009226436,36.69269029838276,63.099842578978055
229.3577981651376,27.967736606597246,34.643465516956816,63.078122869300614
230.19182652210176,28.29649189860517,32.667868507381705,64.06026491247393
231.0258548790659,28.211068490168028,32.13556836235295,62.42702520049158
231.85988323603004,27.581367754747635,36.38257845874296,62.87259616091461
232.69391159299417,27.96117244012857,34.81612192381406,63.781693949221356
233.5279399499583,27.96231460926653,35.31608771631686,63.1822083038033
234.36196830692245,28.221681741982856,31.424197858409016,63.19886869317596
235.19599666388658,27.822337597154775,36.350393033818555,62.96260582548384
236.0300250208507,27.74409817714977,35.619399560074385,63.02519100443358
236.86405337781486,27.94715587558588,32.92695358522537,63.19232615319033
237.69808173477898,27.942768064135493,34.20507401931003,62.44383364658746
238.53211009174314,27.637043155295505,35.66035948717051,63.16894795134291
239.36613844870726,27.77051210281805,35.41567330388457,62.12171110964656
240.2001668056714,27.971092564449144,34.93455761467038,62.85309400544445
241.03419516263554,27.62814008355721,35.41703985748676,62.75155617152318
241.86822351959967,27.684550940456774,35.29618368902472,62.35961683188398
242.70225187656382,27.618614278146698,36.17430066385051,62.59260128450675
243.53628023352795,27.431942664155628,38.701788302337775,62.288565766632935
244.37030859049207,28.122648789373976,31.589948905166217,62.05238393837803
245.20433694745623,27.845030003862753,35.943797838376454,62.341508404187486
246.03836530442035,27.699183308994147,36.85135272998668,61.96987373155544
246.87239366138448,27.628873820919654,37.23317328872189,62.57801240315306
247.70642201834863,27.68468813080145,36.20088599585244,61.88135461128487
248.54045037531276,27.95965943256502,33.88131719105247,62.68548015581235
249.3744787322769,27.418453288920023,37.809968995763406,61.79968345357687
250.20850708924104,27.290561488540224,40.50798429356702,62.04283923618718
251.04253544620516,27.70169607433159,34.81993467278413,61.98299094624296
251.87656380316932,27.425390148711614,39.32079886869033,62.82683989316396
252.71059216013344,27.648300667611,37.362414678543395,62.34568980839806
253.5446205170976,27.48065153319525,38.033991760878735,62.068391893743836
254.37864887406172,27.614504814504397,36.4424721583463,62.35478914411179
255.21267723102585,27.480546749843935,37.93161424972214,61.148905855450465
256.04670558799,26.871650416888862,41.07222619386396,62.04459623649828
256.88073394495416,27.288959457208552,39.98193241554518,62.92984178613004
257.71476230191826,26.98512429408626,42.25474837386921,62.0575636840217
258.5487906588824,27.071509632850553,41.4617209567186,61.995712500596504
259.38281901584656,27.260216892042575,40.34081453016385,62.179052795224514
260.21684737281066,26.913611856839054,42.89983501113149,62.30276361906366
261.0508757297748,27.015475770703368,40.76337807442006,60.9683334120201
261.88490408673897,27.006504443464433,41.67807682845187,61.07770773391632
262.71893244370307,27.232807155789974,39.870374629278295,61.89705914435777
263.5529608006672,27.13095986514491,40.74241119474329,61.44852232119752
264.3869891576314,27.274071301046117,39.58753934092627,62.328535251958684
265.2210175145955,26.983479384436436,42.84619825442278,61.564324007436774
266.0550458715596,27.165084545372288,39.167740780456604,60.80376681785133
266.8890742285238,26.88018429884594,42.92227637467215,61.071980185592984
267.72310258548794,27.126131280646522,41.397773227241615,60.373643725616695
268.55713094245203,26.58403150982089,44.07755224812242,61.474186657209486
269.3911592994162,26.81025010409807,43.55061854342444,61.46345226286952
270.22518765638034,26.498040606698027,45.7072699484078,61.32603864369394
271.05921601334444,26.717852100466306,43.97778006067201,61.97150694715556
271.8932443703086,27.08905367624107,40.066138372189386,61.99445558404792
272.72727272727275,26.821541500139816,43.00978661956743,61.34770588060958
273.56130108423685,27.168240187487527,41.25616661785509,60.43317922937548
274.395329441201,26.75934567296954,42.669257931378986,61.64113343972756
275.22935779816515,26.335351060793315,46.55957856325427,61.582991750388366
276.0633861551293,26.46535868315716,45.224876151606686,61.44218925844248
276.8974145120934,26.9777401922292,43.05784886747704,61.71467572815221
277.73144286905756,26.791561720411938,42.730419203064635,60.719050255217454
278.5654712260217,26.6248381786339,44.85380137019551,62.11754501642187
279.3994995829858,26.778389824164755,42.84508246044334,60.75241678558935
280.23352793994997,26.60877450858236,44.06726686940154,61.492038596399524
281.0675562969141,26.42457300356585,46.07761398321907,60.36648846222942
281.9015846538782,26.47348605806755,47.836402419200596,60.6782629029069
282.73561301084237,26.47874694143383,47.09353874870146,61.75051821620858
283.5696413678065,26.803293371659663,42.11437509436338,60.922203709370045
284.4036697247706,26.40510811025569,47.0274024415735,61.38921884619005
285.2376980817348,26.282436998106192,46.84988415880031,61.08972011250136
286.07172643869893,26.094493155462164,47.705660242927316,60.907889712094494
286.9057547956631,26.082130570435517,50.109939174523994,61.54108109703747
287.7397831526272,26.78997565625697,43.72662440837642,60.793279095886426
288.57381150959134,26.443423175904123,46.615663907568056,60.07107273699786
289.4078398665555,26.046117350305668,48.981901263837564,60.483780999857856
290.2418682235196,26.492351075114684,45.30936085188008,61.066316927832084
291.07589658048374,25.921981286347883,51.05015928458947,60.96951140476471
291.9099249374479,26.06995450074413,49.292890982592226,60.059820374822834
292.743953294412,25.8776808868483,50.38919498806793,60.41272191253047
293.57798165137615,26.027670370438106,48.072155716847305,60.45079861031629
294.4120100083403,25.87170049631807,50.79807464990186,60.52222929674584
295.2460383653044,25.86671783612663,51.488849527334445,60.041869613199765
296.08006672226855,25.810340881061897,50.21585710478274,60.352829031167246
296.9140950792327,25.944269167973676,50.44837006664847,60.282514249745844
297.74812343619686,25.89181284103434,50.74145500488244,60.932601936685884
298.58215179316096,26.13296892216135,48.927742884098826,60.9247720295058
299.4161801501251,25.959320925520736,50.44160044569357,60.47054305359095
300.25020850708927,25.78776715445142,50.656382324029956,60.3354673818696
301.08423686405337,25.568627786432522,51.84310888860033,60.55081830768777
301.9182652210175,25.49990628539886,53.17299058250838,60.096602506957844
302.7522935779817,26.023002554121035,49.68640327579149,59.92443995768432
303.5863219349458,25.67485867698369,51.58329249302922,59.994114358308224
304.4203502919099,25.29747493920927,54.68947411538109,60.108496147810946
305.2543786488741,25.629106127484558,50.896871861558346,59.84779791192266
306.0884070058382,25.950186790937245,50.965615362698564,60.421740049792
306.92243536280233,25.629872571467814,53.01793718654227,60.654892674784726
307.7564637197665,25.442958541967272,54.37951446954965,59.5902911528311
308.59049207673064,25.62163867178651,53.08366684618627,60.29401758956085
309.42452043369474,25.277798465965823,55.65628166797437,60.16222445417218
310.2585487906589,25.28171496423962,55.004939211147835,60.393624045570064
311.09257714762305,25.26240122961236,55.17398017452349,60.213137994892975
311.92660550458714,25.26194822104717,54.84947701880601,59.544123816789224
312.7606338615513,25.131449731210434,58.23250899016686,59.609721103804624
313.59466221851545,25.470873595225797,53.861345800110435,60.17086140473379
314.42869057547955,25.737813842320023,50.80937293783226,60.600670371360394
315.2627189324437,25.007846344187424,57.485556357415824,59.12170837266343
316.09674728940786,25.31029862808081,53.95327161341618,60.25432084265325
316.93077564637196,25.39871397625625,55.14753254487349,60.61500429901915
317.7648040033361,24.910873751493174,57.483680676951415,59.992024425974805
318.59883236030026,25.616666857193287,52.412429038849574,60.289971834712425
319.4328607172644,25.56070331705233,53.21034466834468,59.70777901556567
320.2668890742285,25.55462939168871,52.74457218025055,59.952511206217004
321.10091743119267,25.324194379811864,54.35768314720187,59.25916903666059
321.9349457881568,25.025898428546547,56.7353685035044,58.91626968408735
322.7689741451209,25.004404118971102,57.04103912158628,60.3784044363426
323.6030025020851,24.97479080957899,56.744804448071534,59.49414100406502
324.43703085904923,25.32906201856087,53.85102225583489,59.71592494453692
325.2710592160133,25.662882831798594,52.37873426427693,59.280833657837356
326.1050875729775,24.99913467654753,56.77405709651291,59.25436450394953
326.93911592994164,25.040649581314195,55.9626567147424,59.79504163437517
327.77314428690573,24.840679694235025,57.77066704711223,59.52967762189581
328.6071726438699,24.922535162040028,58.335449104264235,60.01309557017655
329.44120100083404,24.988602369467287,57.44512388745591,60.03197611552532
330.2752293577982,24.823850447716072,58.68503969346668,59.95834673065745
331.1092577147623,24.847446537828862,57.84600414536724,59.907272048916504
331.94328607172645,24.84933868901276,58.500236316396325,60.496142782673054
332.7773144286906,24.9705079393124,56.38643807877801,59.29228471035119
333.6113427856547,24.883460561038124,57.436276095383306,59.734846745565726
334.44537114261885,24.90546586988046,58.21446091189982,60.256455361035385
335.279399499583,24.74605095982319,59.43382851472493,60.303278574461906
336.1134278565471,24.808815787595524,57.340649306964934,59.0822471528765
336.94745621351126,24.615347524267865,59.075851696544426,59.56960157160067
337.7814845704754,24.87206131442835,57.743438737337875,60.30975347288784
338.61551292743957,24.965856430754506,58.090372373638516,59.91598988382737
339.44954128440367,24.41592231738257,59.87085656826208,59.76429688733207
340.2835696413678,25.208183839101867,54.86173592003563,59.567864629631394
341.117597998332,24.897871539698478,56.182840402474426,59.4828275465393
341.95162635529607,24.998475189121585,55.91150349358314,59.77527375603167
342.7856547122602,25.189231753789148,54.43755379808504,59.52236698821584
343.6196830692244,24.821600448017268,57.471471277448785,59.60745901218068
344.4537114261885,24.49105278557711,60.09125294963808,59.652997633875614
345.28773978315263,24.751471956279644,58.275028326504035,59.30383049569519
346.1217681401168,24.597636736461602,59.18499691926907,59.840081846364725
346.9557964970809,24.326476885074314,60.82631466484863,60.90402194456833
347.78982485404504,24.43522405122612,61.28788725806049,58.78528414115615
348.6238532110092,24.748016796592797,58.80150253193224,59.723378831980085
349.45788156797335,24.428823825279228,61.38586397226552,59.22846222273524
350.29190992493744,24.495955685670925,59.13424781699739,59.823683664678136
351.1259382819016,24.85458807924657,57.47565886382137,59.57843893023032
351.95996663886575,24.836456458741047,57.923151241867586,59.89428971099355
352.79399499582985,24.87310977340751,56.33373926851513,60.07473203138497
353.628023352794,24.82799937061833,57.40123214094713,59.62697514694464
354.46205170975816,24.705529515040126,58.35214569566259,60.044773825293106
355.29608006672225,24.599851961663774,60.43526712823105,58.47571445921014
356.1301084236864,24.42907264735408,62.07397651733331,60.24198427840744
356.96413678065056,24.776025877925903,56.47198338884199,59.69102538316219
357.79816513761466,24.768831086402834,59.645867151863975,60.00357842121143
358.6321934945788,24.756522739934645,57.04022176711644,58.96624150419193
359.46622185154297,24.600845638075594,59.73764310716259,59.13831132663063
360.3002502085071,24.74019810252267,58.612794517980824,59.575137986946025
361.1342785654712,24.92971238614145,55.51426862427869,59.49944274203046
361.9683069224354,24.468928073132002,60.437582142878256,59.63247097773564
362.80233527939953,24.758418397114976,57.63000940473577,59.99143873414349
363.6363636363636,24.784191048953815,57.70598443410957,58.70771120818036
364.4703919933278,24.894537259539547,56.68509360780014,59.93926914007108
365.30442035029193,24.888406834826657,57.37224940305863,59.5041044916203
366.13844870725603,24.555064160673414,59.2551625617838,59.40833980037034
366.9724770642202,24.66328925549481,58.07503186395364,58.8380407518849
367.80650542118434,24.684264875968367,58.933710432841906,59.72675244126063
368.64053377814844,24.61542589835632,58.91578582414195,58.41470687177621
369.4745621351126,24.4471813589419,60.559512354111035,59.79384444018939
370.30859049207675,24.676411933228923,57.479116587038234,58.83196800829767
371.1426188490409,24.904482841540172,55.347442876041384,59.52915683297494
371.976647206005,24.40364906422058,59.83231862052385,59.45349641020488
372.81067556296915,24.721696173250336,57.216079371609084,60.03577245002486
373.6447039199333,24.532463246255666,59.71640663389745,59.4317794094513
374.4787322768974,24.715088338281483,58.29357878026719,59.20284163041746
375.31276063386156,24.73602862967331,57.256826386371586,59.290598021138464
376.1467889908257,24.79852757788396,58.0060967353568,60.09506691163
376.9808173477898,24.44722808235859,60.77164049664637,59.767638556894525
377.81484570475396,24.323339331297834,60.876032878479094,59.357141119358005
378.6488740617181,24.679111057612257,57.136178309566,59.4289774268488
379.4829024186822,24.87751195084976,57.16967731790673,58.835185891511635
380.31693077564637,24.55892230482333,58.684870800763555,59.720599315783005
381.1509591326105,24.986175355572858,55.08806113372269,58.759571759706205
381.9849874895747,24.724730337256617,57.06874553912415,59.89583215115356
382.8190158465388,24.7616843382073,56.278037462377576,59.62176980107588
383.65304420350293,24.668090568139064,56.741450613697644,60.64471555382982
384.4870725604671,25.090045778104866,54.524681648568595,59.0825535762728
385.3211009174312,25.144598119955038,53.00841019780057,59.53877346120121
386.15512927439534,25.622164501215586,51.97975748900723,60.40188648130966
386.9891576313595,25.05945316297698,53.53799650580706,60.13679601481024
387.8231859883236,24.906003737088415,54.55855247068684,59.295716189785786
388.65721434528774,25.053819193066396,54.68807975935081,59.71846436457908
389.4912427022519,24.681523783457724,58.53133172238951,59.62757177904096
390.325271059216,24.749631096131157,56.86048800649239,59.76287002803446
391.15929941618015,25.244523761233562,52.96027351796698,59.33122538568959
391.9933277731443,24.77350038454757,55.13726463127434,59.6154020416973
392.82735613010846,25.044364819313227,53.595076835929945,58.94675928256138
393.66138448707255,25.015377317180192,53.629530408928765,59.737296030432624
394.4954128440367,24.863785215596128,54.28574259306312,59.889927381655625
395.32944120100086,24.966940791594727,54.87470399180036,59.59632586824635
396.16346955796496,24.96499582250999,52.95490465581974,58.983456069513636
396.9974979149291,24.792185259318966,55.28327787339071,60.16694940254429
397.83152627189327,25.341234195374348,51.11310048348462,59.898343009115735
398.66555462885736,25.086998886790422,52.97778138299926,59.420111035331416
399.4995829858215,24.67051850125303,57.43757262450791,59.63337192049396
400.3336113427857,25.179143306887575,52.956369648447165,59.09747715291183
401.1676396997498,25.002202022137837,54.925426849238846,59.32479079486112
402.0016680567139,25.297127003607876,52.299011968976785,59.557966625675896
402.8356964136781,25.265826114348968,52.96620221954602,60.36683556279996
403.66972477064223,25.30245794145349,51.6030877137704,59.540640869596125
404.50375312760633,25.38605858397826,51.18109807521208,60.131190089290634
405.3377814845705,25.54217094946772,49.86541260577873,59.61583213427122
406.17180984153464,25.288080785710378,51.82186285208629,59.984933804509055
407.00583819849874,25.522710051301406,49.2916592071954,59.82531342493681
407.8398665554629,25.247100271971238,51.797928134275,60.29770039155523
408.67389491242704,25.12743891876869,52.32725983047178,59.680341332553496
409.50792326939114,25.40238725231047,50.80586589713822,59.22984667021599
410.3419516263553,25.51436815380528,49.40180360520487,59.33238011485643
411.17597998331945,25.341905460302343,50.50378583067768,59.73197833641039
412.0100083402836,25.515023898795604,48.89936639422579,59.42660384199803
412.8440366972477,25.248334835316314,50.906106048442396,60.19092377525052
413.67806505421186,26.021597312366527,45.69162680731604,59.81466845362985
414.512093411176,25.688910817089045,48.14907460646495,61.11105932838666
415.3461217681401,25.921331605239534,44.933770680457705,59.27902180518458
416.18015012510426,26.014576092700235,45.58932251570008,60.17141825281153
417.0141784820684,25.32524749099952,50.497800438437054,59.591275559454125
417.8482068390325,25.374689750357465,49.41589609269801,59.896174226644206
418.68223519599667,25.94869201513538,46.27059354184388,60.20147145175983
419.5162635529608,25.96420645634481,44.62170877715954,59.11131898845717
420.3502919099249,26.3078152528125,41.7501645740358,60.28448492132159
421.1843202668891,25.912188308009874,45.86775290448375,61.054670289052225
422.0183486238532,25.412755760239445,50.962229562742124,60.01503319093504
422.8523769808174,25.746984204665342,47.14750396924233,60.35698019214153
423.6864053377815,25.8665155074934,45.116586627701814,60.72253336658877
424.52043369474563,25.832005530493472,46.72002305087488,60.20905514843543
425.3544620517098,26.158861762566488,42.83225580050552,60.04317935658711
426.1884904086739,26.13234635615492,44.86602392401691,59.30256678030929
427.02251876563804,25.934320692850385,45.33969625380922,60.63738808723039
427.8565471226022,25.78650141510234,44.76537477416535,60.3205658152059
428.6905754795663,25.861068365167082,46.10389696708765,59.93858626613197
429.52460383653045,26.12648664000579,45.0613506200102,60.47431578681061
430.3586321934946,26.045962090061927,45.40505482715944,60.177993023320134
431.1926605504587,26.358879005708854,42.72469425432269,60.226405746919475
432.02668890742285,25.824375936699298,45.34222790805712,60.76082098640014
432.860717264387,25.858125827165615,46.421423548585096,59.90975218882166
433.69474562135116,26.266650102474298,41.50710718506116,61.00758999401409
434.52877397831526,26.334283110347968,41.42050687737637,59.93185037983797
435.3628023352794,25.795105856833576,45.18877778787749,60.2873393942016
436.19683069224357,26.19820248942288,42.20705829504433,61.47585914432528
437.03085904920766,25.897241955607907,44.84665202589623,61.14305137825578
437.8648874061718,26.411767077667456,41.29276943817482,60.70509953317404
438.698915763136,26.045430132778197,44.479319262199304,60.26360031423382
439.53294412010007,26.282220916860584,41.869237200600786,60.474550250908436
440.3669724770642,26.138559982018474,41.871200323605066,60.77180076924755
441.2010008340284,25.998455851534928,43.99828448814651,60.78203411883366
442.0350291909925,26.352570541782754,40.30766384190568,60.750793696212746
442.86905754795663,26.629224598226397,39.04362120535308,60.804560542252155
443.7030859049208,26.582051382880426,39.710823289918906,60.748925966696426
444.53711426188494,26.4071005176957,41.114920835699216,60.22367136535225
445.37114261884903,26.654900160257828,37.26679194599084,60.66750381505064
446.2051709758132,26.093241278043152,41.019076188184435,61.33908851298988
447.03919933277734,26.401364394259105,38.69041556234228,60.33953082677855
447.87322768974144,26.39800095750398,41.5170198010925,60.89795171083027
448.7072560467056,26.911654025679876,34.93429112363809,60.64252701889294
449.54128440366975,26.610929708395467,37.62346462409304,61.08988002976759
450.37531276063385,27.006308147718343,35.8013546860303,60.89343217861748
451.209341117598,26.850179342300212,37.149959134631075,61.76187500856484
452.04336947456216,26.54451370198611,38.88567472832518,61.35392423751412
452.87739783152625,26.595273266017387,37.922568999969506,60.56474477816981
453.7114261884904,26.661359773437535,37.59706188710286,61.48638081737002
454.54545454545456,26.678057688856157,37.57730305791067,60.86518169272683
455.3794829024187,26.752410065689883,38.04342373056978,60.98374544831597
456.2135112593828,26.89742872580806,35.67830791501438,61.41440028177215
457.04753961634697,26.612509199220007,38.58527194331321,61.08184954315498
457.8815679733111,26.690755617112696,38.32799512215358,61.73503852682833
458.7155963302752,26.53076165497146,37.653563491051045,61.01500187778113
459.5496246872394,26.688591785780066,37.79065927957615,61.1154410062454
460.3836530442035,26.65714594809664,37.154019357895756,61.1291902255062
461.2176814011676,26.144662629236837,40.11838862572826,61.200761541661606
462.0517097581318,26.61018669617385,36.13655549724006,61.98082574764579
462.88573811509593,26.75939222096994,35.581977759606445,61.80018419337526
463.7197664720601,27.00565509559611,34.62316915649431,62.317879710463174
464.5537948290242,27.037841245432965,33.96967925757219,62.600163647313536
465.38782318598834,27.059101899814504,33.43943025691669,61.147356654817656
466.2218515429525,27.1775210907785,33.93491679861454,61.674457200908414
467.0558798999166,26.736468711402217,35.266394554739854,61.14519839503629
467.88990825688074,26.789296460935418,35.85786102254765,61.35641342955938
468.7239366138449,26.88389670647693,35.21438654378572,61.45477107638531
469.557964970809,26.945138313475297,33.61430484342895,61.29468209286359
470.39199332777315,26.71880589403974,36.48631919592262,61.32926447506057
471.2260216847373,26.621559152181273,36.07447293957779,61.77001301932842
472.0600500417014,27.055623540488607,34.33757289937078,61.319857110991244
472.89407839866556,26.98840652294969,33.33500782569241,62.278885985131716
473.7281067556297,27.002745823330873,35.386690880371354,61.519594126937335
474.56213511259386,26.931466495975393,34.631121558253476,63.22964638772677
475.39616346955796,27.29512542151989,31.583409921775164,61.79507409406825
476.2301918265221,26.962049294047734,33.969001113522005,62.06355823176188
477.06422018348627,26.896057276923756,34.468447213344916,61.48129323324621
477.89824854045037,27.096250270745458,32.28687239400315,62.86507462663099
478.7322768974145,26.96152745693511,34.1617355283492,62.63433211664049
479.5663052543787,27.272617263019317,31.119215158623522,62.29747613386413
480.4003336113428,26.654123626823782,36.065120830908064,61.59119052708493
481.2343619683069,26.751193479388593,35.83262481259625,62.32551673681464
482.0683903252711,26.971978650049685,33.06237670199441,61.75961170284358
482.9024186822352,27.154081746452857,34.10600669288941,62.95592540871649
483.73644703919933,27.431551993628613,29.053120612418258,62.695680635138515
484.5704753961635,27.35207683363506,31.25307680117567,62.408232395475615
485.40450375312764,27.01534483910168,32.75357354481855,61.302718710202235
486.23853211009174,27.213943885710663,31.30477765212176,61.99041135250233
487.0725604670559,26.769022983726245,34.477157132132966,62.77635643008435
487.90658882402005,26.61718348764135,36.74740337331471,63.046628288581566
488.74061718098415,27.255603162745064,30.999802446865758,63.03397180719992
489.5746455379483,27.288962867958865,31.580139179177035,61.85249908920019
490.40867389491245,26.99390008876225,33.4856801265314,62.73870453077896
491.24270225187655,26.852897551309123,35.9406261082485,63.09412711382869
492.0767306088407,27.270207625687338,30.823538777486156,61.92506846998169
492.91075896580486,27.111857538653574,33.45973035336436,62.701968294869
493.74478732276896,26.672120629088912,36.281917593114876,62.862988609310165
494.5788156797331,27.513722540712806,30.02699176736575,62.63867472521658
495.41284403669727,27.16905888866489,30.695277653454227,61.974826968473664
496.2468723936614,27.00469592907101,32.244219386477624,62.69603512510177
497.0809007506255,26.978623632090883,32.079624355591626,62.72962645624202
497.91492910758967,27.053224743552065,34.493797780168464,62.844607793331164
498.7489574645538,27.012412604414745,33.484989706876085,62.69201325492333
499.5829858215179,27.26618608380337,29.87840555077563,62.7805601882033
500.4170141784821,26.996525910436244,34.028851312690776,62.99639002455343
501.25104253544623,27.143725165999715,32.093748661202746,63.24770324559749
502.08507089241033,26.906443880239465,35.463949398826486,62.945942772916936
502.9190992493745,26.929145871235363,32.08131969068019,62.93292095660425
503.75312760633864,27.044668055143806,32.11049559796208,63.193139160082914
504.58715596330273,26.783617159543624,34.280243257931126,62.32146995113723
505.4211843202669,26.624662835380608,34.73363756996815,63.434832303883745
506.25521267723104,26.941826033636247,34.225453987400215,63.25417628490837
507.0892410341952,27.19851718736878,30.44762678242256,63.306530451965266
507.9232693911593,26.888384302322915,34.51729077694743,63.75520969781641
508.75729774812345,27.277805793118564,31.758478075454953,62.47829207959441
509.5913261050876,26.793628447941597,34.119385777696344,62.5029792589991
510.4253544620517,27.10158090583759,31.21304943871011,63.548523999350266
511.25938281901585,26.796746310698413,34.66323293129267,63.45617650508885
512.09341117598,27.093844799676216,32.49622679707066,63.56998130786366
512.9274395329442,27.02088103091844,31.731754014985757,63.31941959014265
513.7614678899083,26.65079190311005,35.42187225696228,63.86026024393071
514.5954962468724,26.879940206478352,34.67253069393432,64.01485884631626
515.4295246038365,26.957499978388043,33.2370272266626,63.84677637467928
516.2635529608007,26.335864974744798,37.06292674728219,63.54536395513823
517.0975813177648,26.72566244242678,33.77021693518786,62.74796515003657
517.931609674729,26.90101572516137,34.73770003399933,64.0762032317243
518.7656380316931,26.74813285960706,35.28435378273969,64.31337611518532
519.5996663886572,26.78553027905184,33.80916132247324,64.0871272614957
520.4336947456213,26.605471824766337,35.90066015016178,63.43463790481707
521.2677231025855,26.808114573319784,34.22421581986314,64.16700553989308
522.1017514595496,26.83625551782439,34.57901141380743,64.28427433348037
522.9357798165138,26.306307568683938,37.91191606639909,64.63165481507852
523.7698081734779,26.75696076503382,33.72892409855996,63.56900002113949
524.6038365304421,27.09542345302983,31.40536577484181,63.8943141691802
525.4378648874061,26.30963741526946,38.79796975293119,64.36536448796888
526.2718932443703,26.16385731449883,40.640456187220224,64.08770085244761
527.1059216013344,26.529977924230465,35.47898113790991,63.59174092194968
527.9399499582986,26.951525791492593,32.882320657904614,64.3136823153853
528.7739783152628,26.70050445918021,35.97322964550802,64.41996085286625
529.6080066722269,26.61641984057903,36.18362336873752,64.23149291284493
530.442035029191,26.548176964977557,36.52688057523811,64.32295456568686
531.2760633861551,26.673293389929945,35.037700392317305,64.13983757561152
532.1100917431193,26.286288961915297,38.26114142683255,64.95347368749859
532.9441201000834,26.31945021738711,38.34119377123087,63.91480559078608
533.7781484570476,26.799036444830776,34.88925459076417,64.08756454099084
534.6121768140117,26.24697067078256,39.02273556716809,64.38841402385654
535.4462051709759,25.90180035570025,41.646840148247776,64.81047831806616
536.2802335279399,26.2530155052016,38.45212597895214,63.77247331555053
537.1142618849041,26.390726766897206,37.728701290508184,63.887860697330794
537.9482902418682,26.271294915780967,38.276202605361476,63.59157715090171
538.7823185988324,26.201130833799272,39.83775768955579,64.5541833370085
539.6163469557965,26.612832158569056,35.816070865548674,64.0670001593321
540.4503753127607,26.271258993631168,39.43059535832147,64.42780634199868
541.2844036697247,26.4115124801354,38.63762754075632,64.92893606677848
542.1184320266889,25.900969163829394,42.87460576749534,64.37292658941043
542.952460383653,26.103581182769855,39.44528398773563,64.79584268139487
543.7864887406172,25.71691972540912,42.973410614286266,64.58704579278086
544.6205170975813,26.312174936854948,38.19896854007293,65.05401560931267
545.4545454545455,25.924595912544344,41.45925437776243,64.9950194796068
546.2885738115097,25.877084101291697,41.19551727087647,64.49931787895824
547.1226021684737,26.148085453751815,39.2765684825085,64.7640966194342
547.9566305254378,25.92806939594618,41.38219542396201,65.33879915587607
548.790658882402,25.673128807395354,43.46914110272782,65.07507898513748
549.6246872393662,25.96178129879835,40.929125948388204,64.29818849563942
550.4587155963303,26.35320472704201,38.69330370298492,65.25042606963443
551.2927439532945,25.896681433428885,41.935572540237494,64.49571142361906
552.1267723102586,26.270485479474655,40.57255847722518,65.64761435481155
552.9608006672227,25.922436640215384,41.811747128453135,65.5008315141425
553.7948290241868,25.79449034539844,42.51337059101749,65.19824266044846
554.628857381151,26.10800269268914,39.82346955072816,65.1661570559127
555.4628857381151,26.081724601939268,40.21994051902114,65.02874410323608
556.2969140950793,25.66573106681362,44.2313143070359,65.45534636207445
557.1309424520434,25.973861500970873,42.659074423383,65.01015537768653
557.9649708090075,26.08551323864101,39.220626740702414,65.30979737125513
558.7989991659716,25.55702546641856,45.48782723026165,65.62273459664415
559.6330275229358,25.55860384574011,44.80397612875406,65.00390965771268
560.4670558798999,25.56499817223136,43.26791772788373,65.0055770705364
561.3010842368641,25.85999661356727,42.42227695165203,64.77132075230011
562.1351125938282,25.446698535074308,46.53711921462613,64.85547161620094
562.9691409507924,25.316964374486616,45.901922069180515,64.53718083915574
563.8031693077564,24.969027327219493,49.80245069649766,65.71362885313924
564.6371976647206,25.197554390734176,46.510948724655705,66.22423497151944
565.4712260216847,25.212516719724533,46.693401851732354,66.07640693376567
566.3052543786489,25.47480804034606,45.93599440708234,64.72782193680638
567.139282735613,25.129173291352803,47.947508500918296,65.81005880854639
567.9733110925772,25.086497650959828,47.84314860520046,66.1478971747521
568.8073394495412,25.03070702741455,49.21153693145992,65.32621848030969
569.6413678065054,25.30104343519065,46.26015811616714,65.60102421858454
570.4753961634696,25.239196119424243,46.65450167624686,64.67516488272084
571.3094245204337,25.34754107196001,46.81505114689013,65.72184364213717
572.1434528773979,24.873631707313155,49.33950548348598,65.14605560587606
572.977481234362,24.729421506300426,50.85110374519112,65.7370856669171
573.8115095913262,25.184544838308938,47.56534432743505,64.96704615064881
574.6455379482902,25.239734452433837,47.86307057552491,65.93595420488543
575.4795663052544,25.085426440822975,49.42850576196356,66.17452010167213
576.3135946622185,24.984379133212954,48.655316040451936,65.38261860855332
577.1476230191827,24.846384813619625,51.044839248498526,65.24473121228525
577.9816513761468,25.311309773401888,45.51025524135958,64.80716746098295
578.815679733111,25.24403613554425,48.306472932311785,65.67825579978783
579.649708090075,24.936413481140264,48.61597685044173,65.55691928437584
580.4837364470392,25.434571345641125,46.0760873161912,65.14090111546189
581.3177648040033,24.96753358009512,48.7451200220557,66.06266827208182
582.1517931609675,25.160964162262076,49.05779053954816,65.67599790441759
582.9858215179316,24.85009909800144,50.56686931356482,65.41380100895864
583.8198498748958,24.403090189549964,53.15428938770573,65.66744322394567
584.65387823186,24.719545670437743,50.930165360457416,66.41792562650618
585.487906588824,24.96888529141821,49.73428856410012,66.22571533391545
586.3219349457881,24.754510775677346,51.70379374549605,65.9141526681003
587.1559633027523,24.395479670343033,53.909388641012015,66.2692461429063
587.9899916597165,24.792223195073767,50.47664629742492,65.48593506383541
588.8240200166806,24.82527707785436,50.80469226870467,66.04031891617593
589.6580483736448,24.430643287323726,53.657256672627,66.10916303735601
590.4920767306088,24.436221283365487,52.45896012044877,65.84826422091821
591.326105087573,24.27373631652264,54.226698540214585,66.27217498571927
592.1601334445371,24.472934836421565,53.23773732305245,65.74125559716833
592.9941618015013,24.391060869266756,54.72387698035551,66.33780415714938
593.8281901584654,24.77231984672128,51.79375987607123,66.37235620831514
594.6622185154296,24.42522596179646,53.82853604770713,64.82663196759682
595.4962468723937,24.430523323055578,53.66173777292157,66.69002338726445
596.3302752293578,24.6261194181497,52.040305454802905,64.79767937982108
597.1643035863219,24.567368662418748,51.59975151786805,65.90631507506417
597.9983319432861,24.119550417835917,55.83057259739006,66.6590603544989
598.8323603002502,24.248271929342305,54.14376977016274,66.06868345632454
599.6663886572144,24.320386232594096,53.1116249144935,65.56517834581133
600.5004170141785,24.24323512366614,54.95177779741998,65.74596942732389
601.3344453711426,23.955408362412996,57.32536990495147,66.71313600025653
602.1684737281067,24.687825691044914,51.356451126264034,65.39891568734099
603.0025020850709,24.511578672381415,52.93142279035822,66.78388882590824
603.836530442035,24.3295052300421,54.124463725136756,66.26298160360837
604.6705587989992,23.806475880574734,58.57270681490148,65.76281783146216
605.5045871559633,23.99446086762011,56.604751700606506,66.04829447533274
606.3386155129275,23.904327188895866,57.62730845255081,65.86392708982953
607.1726438698915,24.210908800104743,54.340370526262724,66.72214136962863
608.0066722268557,24.28365404228576,54.520448508501985,66.67227370351462
608.8407005838199,23.930216453414182,57.48101171568642,65.57907801710749
609.674728940784,23.88536518849402,56.915507940237546,66.18078062597289
610.5087572977482,23.819610910013115,57.93029771346907,65.98333636338096
611.3427856547123,23.918066930090966,56.73295500096771,66.96289760716282
612.1768140116764,23.786110808854332,57.69581365284456,65.78199623478037
613.0108423686405,23.7626754640487,57.6003159456502,67.11984031849498
613.8448707256047,23.810870583481428,58.8323426202474,66.39102383054747
614.6788990825688,23.760951936846794,58.997708961567504,65.8908773040179
615.512927439533,24.23213257461112,54.73809148196927,66.1163870639516
616.3469557964971,24.4794119679902,53.713541612452254,66.06751525091983
617.1809841534613,23.55503250089343,59.66249160421341,65.86141867155784
618.0150125104253,23.79775303443207,60.09390627008013,66.48409155305534
618.8490408673895,23.968221492039916,56.211424018749995,65.8949486542527
619.6830692243536,24.172242790004415,54.7892474228577,65.47210512975664
620.5170975813178,23.685479595435233,58.39945051514041,66.28784231468687
621.3511259382819,23.54616871097138,59.976735374238324,65.65250524984154
622.1851542952461,23.38744986553841,61.612709990320305,66.13007847762722
623.0191826522101,23.576363224986437,59.377937274794746,66.06388095847318
623.8532110091743,23.932047471013988,57.84679731684261,66.08502204992183
624.6872393661384,23.918951150652557,56.971238795629795,67.38125994197374
625.5212677231026,23.69683984905193,58.65815196562649,66.5096338936089
626.3552960800668,23.650894416271885,58.15318793055587,66.59775233328281
627.1893244370309,23.903362091672683,56.914707294517044,65.69070708828522
628.0233527939951,23.168529380265824,62.475178031092206,66.19821784060795
628.8573811509591,23.18309959135827,62.04191686590687,66.59146611752358
629.6914095079233,23.29821437787068,60.910290652442896,66.03528416061604
630.5254378648874,24.073119499680335,57.24024234603719,66.90635607472215
631.3594662218516,23.391981230354272,60.46474752702059,65.95758320620237
632.1934945788157,23.333019170212026,60.10054000549119,66.37066393153638
633.0275229357799,23.43750805177201,59.76484628888149,66.23620055512711
633.8615512927439,23.314336092123547,61.232258770502774,66.57392622986197
634.6955796497081,23.496082060367115,60.13666688499197,66.21148257481526
635.5296080066722,23.47182148333471,60.33069892249135,66.3771852098089
636.3636363636364,23.50257894094455,60.146314058630914,66.39187615564553
637.1976647206005,23.4433161226595,59.61005130105351,66.16637077290588
638.0316930775647,24.007090402087695,55.77840643634755,66.71351140731566
638.8657214345288,23.48244260549498,59.1272424493563,66.60053133045741
639.6997497914929,23.643679807913568,57.9589395457524,66.45108136318659
640.533778148457,23.772536866489382,56.63528014668492,66.29461636807616
641.3678065054212,23.096191744869195,61.94072806581198,66.84379656795574
642.2018348623853,23.28147532349887,61.995678298643455,66.37591992312159
643.0358632193495,23.331780155008413,61.29568684804287,66.34038989279175
643.8698915763136,23.609766935975287,59.26966336406713,66.52153763670405
644.7039199332777,23.29250728228712,61.19819357275776,67.23358007584606
645.5379482902418,23.639608615489294,58.74116775938554,65.86231062952145
646.371976647206,23.387039427844115,59.03254169915993,66.80692773621313
647.2060050041702,23.8928546340186,56.642941437557326,65.60325315891401
648.0400333611343,23.521685590874583,59.26512563800593,66.54730849714899
648.8740617180985,23.651511271919844,58.59427626114117,67.15234613362986
649.7080900750626,23.926310061670794,56.0715593078195,66.65715144867805
650.5421184320267,23.531235259308723,58.250664859780585,66.50739272301065
651.3761467889908,23.492192521946137,58.121553255544946,66.17143971444102
652.210175145955,23.154037591476865,61.41871035445521,66.43031413708702
653.0442035029191,23.477302206043476,59.70653315962632,66.2952866378603
653.8782318598833,23.688399296129212,58.027244594997015,66.04706926000357
654.7122602168474,23.46239409207518,58.36002934117994,66.26203112223843
655.5462885738115,23.554600131393254,57.893272022333214,66.47313647147652
656.3803169307756,23.63404716753095,57.34586414888206,66.02968128167139
657.2143452877398,23.868216552103043,55.65613720371032,66.00284123016614
658.0483736447039,23.580061115052775,57.22202349250864,65.74397355477872
658.8824020016681,23.72846338100244,56.03640258631061,66.5220013037182
659.7164303586322,23.90396573147374,55.0103652605722,66.5813402921218
660.5504587155964,23.60910625635009,58.058818171468126,66.42964063330645
661.3844870725604,23.538912544468158,57.71675487483346,66.74884860704726
662.2185154295246,24.113929384315707,53.666481784162116,66.34287166335561
663.0525437864887,23.874041075449473,56.52806163915373,66.46822745666184
663.8865721434529,23.42787109225313,58.40380294002573,66.4167237594067
664.720600500417,23.523211643540215,58.37714459158328,66.2266625055278
665.5546288573812,23.652322838412125,58.172452985057774,66.01652967030932
666.3886572143452,23.774580650761532,56.24784830486726,67.23899873030335
667.2226855713094,23.946462572474438,54.50508475148902,66.02617048341683
668.0567139282736,24.16728943552349,53.92042629419697,65.9165108958787
668.8907422852377,23.749786956915177,56.33290015622578,66.39775808773418
669.7247706422019,23.8837569860241,56.23350627149595,66.30177763432958
670.558798999166,23.627900484368435,57.70290841132464,65.54196945913769
671.3928273561302,23.63545685896724,57.19736200869231,66.66470778451985
672.2268557130942,23.985785085584187,54.80790712624476,66.10218773960995
673.0608840700584,24.21857929675509,52.631760941266606,65.62942628551569
673.8949124270225,24.119744992751464,54.11930517944637,66.6487668272533
674.7289407839867,23.87629238390687,54.90409246828874,66.37953689332944
675.5629691409508,24.022943113712017,53.965781515062886,65.51280963709944
676.396997497915,24.137081089878574,53.102915824249656,66.86515974888219
677.2310258548791,24.03752777738462,54.409114600782395,66.3451650951904
678.0650542118432,24.05779858420657,52.85486255831034,66.02710331728078
678.8990825688073,24.300366557633332,52.43686587455659,66.72998344107201
679.7331109257715,24.05813097645821,53.93079887809895,66.0684721760575
680.5671392827356,24.068381803121078,52.44686444004826,65.96626546404987
681.4011676396998,24.173082955408393,53.40764325698167,65.66359567180646
682.235195996664,24.289748544919163,53.25543328892785,66.20410624907987
683.069224353628,24.497443383313424,50.50578123124843,66.13800444226045
683.9032527105921,24.414138380386817,51.48135456418356,65.91111725795005
684.7372810675563,23.899028258774816,54.724241849127694,65.52971578761947
685.5713094245205,24.321748978985188,49.83104721735918,65.92409875520553
686.4053377814846,24.522000498181445,47.897324848680775,65.81436564834847
687.2393661384488,24.668426608082655,48.138533650595086,65.22558245835238
688.0733944954129,24.21961163442309,51.3229191458531,65.14292910022786
688.907422852377,24.229285172490584,51.10502824471235,66.03889235618912
689.7414512093411,24.332526340262955,50.61479905593005,64.59278418237507
690.5754795663053,24.158661991746307,52.787503846740655,65.83486317670037
691.4095079232694,24.794255031921733,45.56474296940205,65.5058215475838
692.2435362802336,24.29068655480403,50.86090562342574,66.28793841626981
693.0775646371977,24.228830180402145,52.729768206415244,65.45517539648196
693.9115929941618,24.590325484531103,47.65878262990129,65.95175487951892
694.7456213511259,24.62477728882312,48.77347775783164,65.4538710341961
695.5796497080901,24.606933081060248,47.869077983432476,65.66091076528835
696.4136780650542,24.756974097433936,47.38050697208196,65.91829111349567
697.2477064220184,24.70236372868151,48.16807749432409,65.35530614075984
698.0817347789825,24.341641153967,51.08889540551927,65.9884006490599
698.9157631359467,24.27768925066573,51.589925285980954,65.06903710667729
699.7497914929107,24.577907346155097,47.44036196172789,65.62477587982353
700.5838198498749,24.345757127865063,51.23588177740859,65.883164984052
701.417848206839,24.578471330585113,47.631911252965644,65.74052438002786
702.2518765638032,24.357096075292503,50.48507908335983,66.28120285082494
703.0859049207673,24.738591123152414,46.92060299202014,65.05031723721976
703.9199332777315,24.731066152695526,47.08417606290542,64.74807956767903
704.7539616346955,24.69672503772922,47.26556606170404,64.89584968290642
705.5879899916597,24.044110855996617,52.0888799208912,65.61487778284827
706.4220183486239,24.50576062791311,47.658362575555145,65.51589895650635
707.256046705588,25.04087919532903,44.61203433230893,65.31178349138688
708.0900750625522,24.65231800585901,47.388408062419856,64.73415354069327
708.9241034195163,25.04848184363751,44.75213695136459,65.55807510333157
709.7581317764805,24.970710702665688,44.28131372977555,64.63515522149751
710.5921601334445,24.611706191735294,46.558062602180875,65.6808767469626
711.4261884904087,25.04102405843547,44.738620399269784,66.41806589415074
712.2602168473728,24.870627746852584,44.944641675746595,65.26978550599338
713.094245204337,25.0122660597771,44.22945187323784,65.33974238665951
713.9282735613011,24.871174620632143,44.571818372723186,64.82781806580272
714.7623019182653,25.06983780385437,44.49329631677774,64.20707287471478
715.5963302752293,25.33946547351933,40.004986483599325,64.7223144240336
716.4303586321935,24.894372508440743,44.455388682437686,64.47341261621972
717.2643869891576,25.27734227750279,41.25289655001359,64.28555154857486
718.0984153461218,25.311197518715034,40.19039012984696,65.68306725606037
718.9324437030859,25.176168687124893,42.44848922396413,65.00191139340227
719.7664720600501,25.28579432395383,42.473079979213466,65.02091973428297
720.6005004170142,25.262732883639927,40.843151202368354,64.68175920404994
721.4345287739783,25.065894478852798,43.35821034251626,64.71361092456226
722.2685571309424,25.238140517729153,39.21874967270535,65.19586189193893
723.1025854879066,25.311908741600895,40.67597768155995,64.7175039334924
723.9366138448707,25.347317243304936,40.131091622672415,64.94094270473423
724.7706422018349,25.210310682642696,40.87705094771339,64.58383941914848
725.6046705587991,25.336433499615755,41.24163763332021,64.48782249461402
726.4386989157631,25.46614163538993,38.70605540684314,63.97827179726613
727.2727272727273,25.159524666835914,41.60643460942777,63.69083283173179
728.1067556296914,25.305734818473805,40.2005501289732,64.43240159651764
728.9407839866556,25.560587374761877,36.468093739362835,64.54466326696222
729.7748123436197,25.647365029086824,36.136687938955916,63.90947027552631
730.6088407005839,25.49839481491116,39.43071037848083,64.44156085779898
731.442869057548,25.28069893347606,38.8481254284938,64.44996867339057
732.2768974145121,25.37432706526112,38.855011921939415,63.42414462118696
733.1109257714762,25.42283262703749,38.788491575102924,63.950976088048634
733.9449541284404,25.597812781374824,39.04501941550999,64.5143536939958
734.7789824854045,25.388098663794835,40.14746119418641,64.47343597484269
735.6130108423687,25.65995495938512,36.24697953036253,63.748155350871514
736.4470391993328,25.8684314215229,35.94535909097635,64.30653819053084
737.2810675562969,25.694289875863664,35.897593743168486,64.66312839951817
738.115095913261,25.60431947264734,38.19908957532879,64.5204207349745
738.9491242702252,25.215095125412365,39.736265976059016,64.09543934004608
739.7831526271893,25.76280429686082,36.53819215206784,63.895199050711575
740.6171809841535,26.0230721963157,32.63376928400102,63.78994735982496
741.4512093411176,25.847203080789672,33.89491219462028,64.25093194679692
742.2852376980818,25.770132254280693,35.29100809063995,64.0953703317865
743.1192660550458,25.781331240549992,35.618100491950976,64.25786884034756
743.95329441201,25.69166644167409,35.7216725778218,64.00094991259178
744.7873227689741,25.72253432735179,36.364255825088215,64.27692947883129
745.6213511259383,25.690059048969687,35.575037818210994,63.91784387966911
746.4553794829025,25.562405499230223,37.869752124363536,64.1950944321306
747.2894078398666,25.881154530607965,34.612310813336286,64.20048096324706
748.1234361968307,25.862929364910162,34.12866444376831,63.41312208948122
748.9574645537948,25.58084232062946,36.39805215903936,62.92796797888763
749.791492910759,26.050997395084266,32.63075421929619,64.40260691027211
750.6255212677231,25.728882519539745,35.95883159710069,63.78986571182781
751.4595496246873,25.906793725299856,35.30814890650897,62.86911986206084
752.2935779816514,25.871671735614612,34.72805937962609,63.28562729487788
753.1276063386156,25.5758589212781,37.72603626558798,63.920338628768825
753.9616346955796,26.17362423609633,33.62467339748452,63.41323458579607
754.7956630525438,25.44892349335033,38.334557223225225,63.27470358209772
755.6296914095079,25.900190152874565,34.10552456379661,64.10152148665117
756.4637197664721,26.091036353745267,32.10189857230619,62.965793504123845
757.2977481234362,25.701491891594262,34.419594814909125,63.043809699660976
758.1317764804004,25.977999279868346,32.2537306810996,63.46396981769625
758.9658048373644,25.921380106849895,32.739100365290156,63.51038230542964
759.7998331943286,25.82193556708327,34.71229996526923,63.523831411952656
760.6338615512927,25.728238038651515,34.907189704979665,63.676304698170625
761.4678899082569,25.968322609706068,32.70089587730776,63.32135285565136
762.301918265221,25.766284839766804,35.515966322452826,63.41793781167317
763.1359466221852,25.710419138303074,35.74420210268465,63.04677439995315
763.9699749791494,25.573177435717685,36.17232090550806,63.157320597227724
764.8040033361134,25.698420162690397,34.47047532990906,63.14317210601294
765.6380316930776,25.71051653078203,35.90654403491449,63.15724212507214
766.4720600500417,26.274209856182043,30.006086423503856,63.37375129661213
767.3060884070059,25.779204797593174,32.76277403306755,63.24158184569758
768.14011676397,25.98977841181205,31.722228985743303,62.977322638462915
768.9741451209342,25.845972081466307,33.4496459428534,62.55898109124306
769.8081734778982,26.0357982918156,32.16301648201862,62.919210052742436
770.6422018348624,25.973081002122715,32.8535262955914,62.84183089555062
771.4762301918265,25.54213312445018,36.50592358223426,62.90706553592264
772.3102585487907,25.96712236880132,32.78233648889812,63.77878245635884
773.1442869057548,25.782600013972,33.80691692143351,62.51588117893229
773.978315262719,25.841632989368968,32.622708730221355,62.90736576612389
774.8123436196831,25.82755067358217,33.160231677112655,63.16392762994807
775.6463719766472,25.851744696036633,33.02238926587838,62.69303506133005
776.4804003336113,25.78748440775493,33.81061554517663,63.66681280329682
777.3144286905755,25.45619187139388,35.097723001683164,62.41055020546723
778.1484570475396,25.50417153461956,35.96648126006028,62.69243379569607
778.9824854045038,25.773712270226827,33.56395590948933,62.15310047173316
779.816513761468,25.691997557925145,34.0777550474549,62.320393266126786
780.650542118432,26.00963225714297,30.95940520821349,62.556666197177215
781.4845704753961,25.885577919203463,32.891628699008145,62.79160277364057
782.3185988323603,25.544808265100514,34.76562174781289,62.52053535840907
783.1526271893244,25.51209026352615,34.65957849949788,62.90978108857382
783.9866555462886,25.724609137060764,33.513897545706214,62.26674497626973
784.8206839032528,25.69106922735278,34.76509401859067,62.12636996818257
785.6547122602169,25.871052318161077,34.09395705378885,63.45907526449144
786.488740617181,25.625453846202912,35.416513469538344,62.386198018511216
787.3227689741451,25.56850383388301,33.826571465372616,61.85160966544524
788.1567973311093,25.787073559256427,32.71959125069359,61.82962234487579
788.9908256880734,25.69303876911922,34.02282758354427,61.68458235438696
789.8248540450376,26.277582722671244,28.20603033070103,62.49707760684282
790.6588824020017,25.69458972462297,34.2373816355602,61.87857369162399
791.4929107589658,26.27164952289961,27.052408499887854,62.066870844754234
792.3269391159299,26.010635363319558,30.59293438604474,61.94808844081054
793.1609674728941,25.647452883765478,34.58819561979762,62.2730470643675
793.9949958298582,25.649486177444974,34.71860782242185,61.53015045545589
794.8290241868224,25.783540222366334,31.854896478278228,61.39459241221871
795.6630525437865,25.74519807288513,32.75783796320907,61.94705633741798
796.4970809007507,25.141423599909018,36.60305713983992,62.08418792678792
797.3311092577147,25.652111871149767,33.36536607652367,61.93114369645126
798.1651376146789,25.129924731509615,38.378454525737375,61.385115196864184
798.999165971643,25.50234194164006,34.44632465257912,62.022223179640335
799.8331943286072,25.50297595636421,35.296795408551915,61.35072669781988
800.6672226855713,25.244967198552338,37.58918292565397,61.41900739808812
801.5012510425355,25.300945524145583,35.0350253418141,61.19728599241979
802.3352793994997,25.737651754616312,33.11917235185035,62.17608428849357
803.1693077564637,25.447741097261968,34.85390188099537,61.84423637377756
804.0033361134278,25.54349292217453,35.119092563844205,61.80021606358801
804.837364470392,25.615549750390198,32.862153061588074,62.05812827025355
805.6713928273562,25.53023123409883,34.99735546267391,62.731634093486505
806.5054211843203,25.523683468963902,34.26469378345213,60.66599667980219
807.3394495412845,25.26047895933215,37.41084203634337,61.07223611838373
808.1734778982485,25.39132997142932,35.95917985304155,61.09673755373663
809.0075062552127,25.393305059308666,35.54119693887305,60.96081481739691
809.8415346121768,25.22289378182674,36.015870346085975,60.82859795624429
810.675562969141,25.154804144973262,36.768749864569926,61.148655678353755
811.5095913261051,25.131261249718897,37.640837072319144,60.706182283467655
812.3436196830693,25.477270244408896,34.89778351216956,61.37474555099556
813.1776480400334,25.40649543676829,34.99229726635697,61.217734249832006
814.0116763969975,25.10010527362911,39.02860418781262,61.381600254028434
814.8457047539616,25.280948948898867,36.47407950456035,61.36445916197285
815.6797331109258,25.382932829578408,34.845091570262554,61.37835790782097
816.5137614678899,25.066294226819707,38.376347336343194,60.91017651820342
817.3477898248541,25.10997304731868,38.59652034981587,62.00411581011931
818.1818181818182,25.44715308944546,35.1949670554834,61.12667379807541
819.0158465387823,25.214429304519722,38.553886497196714,60.15483068758689
819.8498748957464,24.87392919578069,39.65813347912534,60.513842003147055
820.6839032527106,24.96384178423308,39.20387725582834,60.15384293739264
821.5179316096747,24.952670989649956,39.866011979668635,60.917226671037724
822.3519599666389,25.268104683821036,36.40172236274774,60.827171815701334
823.185988323603,24.870855132369748,39.728669183145826,60.64395459622968
824.0200166805672,24.895978432646285,38.7938303722674,61.73263144215711
824.8540450375313,24.982745975513524,38.67756088471547,61.04793465623247
825.6880733944954,24.64948875338276,41.32383723405867,61.1010260192582
826.5221017514596,24.430048263749285,42.63192973676712,60.32890236510746
827.3561301084237,24.4246047535202,43.413571751604735,60.27209073736658
828.1901584653879,24.47797242120669,42.76682774310374,60.71230826302368
829.024186822352,24.87350671842739,40.42104349753485,60.747860696770836
829.8582151793161,24.738997777411353,41.473701279980034,59.80915329774981
830.6922435362802,24.51205464832442,42.44109897781533,60.53806814161648
831.5262718932444,24.668735722794725,41.50264753846782,60.60048075262604
832.3603002502085,24.492730911030392,41.74523194441675,60.47250483115214
833.1943286071727,24.446864980567526,43.21948357520777,60.17870392778636
834.0283569641368,24.672696609885307,41.85835513193567,60.27758282391277
834.862385321101,24.81496778573723,40.88206935862084,60.416669790852524
835.696413678065,24.59002043658965,41.67976335823629,60.51324026243818
836.5304420350292,24.520771762605676,43.79911031464164,60.72090363819988
837.3644703919933,24.388355532407953,42.89686426246877,60.91174551818933
838.1984987489575,24.304128870205666,43.73832677182586,60.26976442759212
839.0325271059216,24.384350296907684,44.567551155327834,60.1740613972271
839.8665554628858,24.654457246893152,42.92305994286531,60.55363982964454
840.7005838198498,24.29798730141646,45.196212486887305,60.60919256819193
841.534612176814,24.284888248053246,44.754817379705756,60.11679638317248
842.3686405337781,24.388217935304947,42.08883399286586,60.64599663837714
843.2026688907423,23.84682075756982,47.146823026431086,60.70952685141607
844.0366972477065,24.399429206521663,43.889008556922754,60.82862919030812
844.8707256046706,24.555538570396283,42.05126768397074,61.02653653520924
845.7047539616348,24.314404311324854,43.38978387259881,59.81559375410082
846.5387823185988,24.393502476221173,43.673654966016876,60.191193146519
847.372810675563,24.155860616065837,45.84628972050969,60.1697428758472
848.2068390325271,24.26385819243355,45.50037338637232,60.10053674243102
849.0408673894913,24.168202548410665,45.627935603992505,59.83277837154399
849.8748957464554,24.037176845045337,47.59054507439409,59.436997421085636
850.7089241034196,23.96701561510451,47.32754238790938,60.128038382724675
851.5429524603836,23.922352264985697,47.52509224173798,59.721685412386186
852.3769808173478,23.986493936370618,47.9340081797406,60.08753768878032
853.2110091743119,23.722387998336846,48.54505930847816,59.67320031923916
854.0450375312761,24.573456592995242,43.88090757150842,59.51763883908585
854.8790658882402,23.990205346411443,47.2578659773649,60.10017216607917
855.7130942452044,24.320868390138536,44.22745055484435,60.04519473628529
856.5471226021685,23.86496307188376,48.45397122986662,60.22079009852979
857.3811509591326,23.97854349065209,48.617138063918034,60.926877738199586
858.2151793160967,23.618680684759052,50.74294771467381,60.05143945848196
859.0492076730609,23.344606467995984,51.23326098895551,60.12866198124274
859.883236030025,23.774360385873635,49.693980326397465,59.409486062966714
860.7172643869892,23.72870218083161,48.66065795804401,59.2995927850018
861.5512927439534,23.5620215914662,50.6656972557243,60.57558736431062
862.3853211009174,23.593575158614115,49.0719521775505,59.432663181453826
863.2193494578815,23.617808504783856,50.248112204847295,59.36367266089985
864.0533778148457,23.286196983181465,52.25261932169765,59.801376253745644
864.8874061718099,23.642749919212072,49.69900246454949,59.76421371586946
865.721434528774,23.290399862974816,52.37701390630849,59.384809530232765
866.5554628857382,23.491476136981973,52.36822394448908,59.64014562326715
867.3894912427023,23.817950243468005,49.65061669797428,60.31735902042001
868.2235195996664,23.19797249308195,53.34074756385353,59.38851073657598
869.0575479566305,23.223635019059547,53.06173434228028,59.111435937997825
869.8915763135947,23.29948046741761,52.20236453504183,60.1504503780618
870.7256046705588,23.580101500175093,50.85923125126015,59.935826733717214
871.559633027523,23.433820819581364,50.8952177023364,59.423385955102624
872.3936613844871,23.32346705024306,51.68215821612711,58.9792878484596
873.2276897414512,23.203126831745937,53.83249896264205,59.34514472026192
874.0617180984153,23.357880001887807,51.33922673824133,59.64489007531838
874.8957464553795,23.094430159075472,54.04797232483497,60.1836620017951
875.7297748123436,23.261825848584145,51.22389461316513,59.18257181134434
876.5638031693078,23.232962626812892,53.28777323088537,59.60124651135398
877.397831526272,23.258067645208353,54.04587524867028,59.93366587130346
878.2318598832361,22.598378749999117,58.44046021209957,58.54917525378763
879.0658882402001,23.478258027416963,51.748012973822355,60.07716945770032
879.8999165971643,22.62470980738013,57.06193655618522,59.071409238009466
880.7339449541284,22.991344145880152,54.86426625290422,59.744783282913104
881.5679733110926,22.804132577253387,55.51394672093743,59.69859382792678
882.4020016680568,22.913041685053294,55.1631370781021,60.068179921745305
883.2360300250209,22.905113988975668,55.9238183273506,59.82089090643407
884.070058381985,22.925842684913725,55.01674224886398,58.49638304518081
884.9040867389491,22.43348761512787,58.07753888986266,59.206532534403806
885.7381150959133,22.83627111204252,54.802224053985384,59.61572615466176
886.5721434528774,22.464410007910317,57.822212113332895,59.45997536222955
887.4061718098416,22.99695485163597,54.78128598748846,59.757155977698524
888.2402001668057,22.994644022093986,55.98623563706905,59.8922938395699
889.0742285237699,23.124242662078842,54.31523101802718,59.80606330905002
889.9082568807339,22.47742843471361,57.210361904833924,59.431351303516
890.7422852376981,22.528334654503524,59.135532129685956,58.692772666340986
891.5763135946622,22.804369082297047,56.534431970032415,59.31484174632654
892.4103419516264,22.593655041663013,56.45498013749926,59.70369302261845
893.2443703085905,22.870555843916563,54.935052164943464,59.022480535765524
894.0783986655547,22.80191338572402,56.65686588949991,59.79444557008105
894.9124270225187,23.027789743273217,54.32699058321908,59.91667503658882
895.7464553794829,22.692057041453392,55.67142233622043,59.56285051080026
896.580483736447,22.578552887400622,57.83951351384924,58.125258163440066
897.4145120934112,22.089247898931227,59.918291677456686,58.92735465845855
898.2485404503753,21.935635668985906,62.7094513985132,60.35015158902643
899.0825688073395,22.770742600349664,56.701819884131,59.254633343005345
899.9165971643037,22.204009187308625,60.44197577136393,58.60725669401263
900.7506255212677,22.426435199803553,58.39387905775589,60.05586521980281
901.5846538782318,22.613596212367245,57.775461371496746,59.50623362927867
902.418682235196,22.48811010019915,58.9148213284157,59.99800349736044
903.2527105921602,22.579473222278587,58.33187642226591,59.62630523805458
904.0867389491243,22.51795167688333,58.499216802301035,59.70925580898014
904.9207673060885,22.6360108314958,57.64135734934913,59.66782541078233
905.7547956630525,22.8083417511683,55.931360947522705,59.82024457857845
906.5888240200167,22.79822698184483,55.73675841493116,60.53345848297364
907.4228523769808,22.28486523357972,59.754151039120714,59.948143713566765
908.256880733945,22.429504272606984,58.13895593277277,58.8029501409526
909.0909090909091,22.416072425837964,57.61842113188863,59.71834809743837
909.9249374478733,22.303421226432235,58.75669687205776,60.0345996401051
910.7589658048374,22.182856044993226,60.217893751414685,60.066066488664674
911.5929941618015,22.344929161800817,59.15290743189623,59.337131289785454
912.4270225187656,22.638883782814613,57.68418360814729,60.05791510470242
913.2610508757298,22.08344702061617,61.104820844206564,59.95609448055946
914.0950792326939,22.103492748503125,61.76800819650493,60.701496794270476
914.9291075896581,22.321106285494746,59.83921716364412,59.21194945788087
915.7631359466222,22.093631209057712,60.720702436983856,59.327038478228424
916.5971643035864,22.104855259226035,61.218274524523835,59.423865301262545
917.4311926605504,22.048360467984523,61.027104166409174,59.3476000763168
918.2652210175146,22.29635445427624,60.10401973881342,59.17460227889709
919.0992493744787,22.221301319040016,60.07691672100908,58.339148947463705
919.9332777314429,22.08786005933736,59.93206644804266,59.3943085096695
920.767306088407,22.56520419619234,57.01379064927557,59.76403305779315
921.6013344453712,22.29890577010558,60.23815949865003,59.38409830833389
922.4353628023352,22.598806371850642,56.519794496806384,60.48552263709259
923.2693911592994,22.519041204731145,57.50893063126756,59.62949912027954
924.1034195162636,22.07668743590544,61.26013218596309,60.2136470589737
924.9374478732277,22.030138030157236,60.39618093527008,59.75985134285636
925.7714762301919,22.03081466446357,61.52674558850219,60.023946895631305
926.605504587156,22.244254668624347,58.32164504842053,59.78789608210229
927.4395329441202,22.51418927418132,56.69344086141525,60.28868559194742
928.2735613010842,22.46255269688934,58.28714605117181,59.70872067758091
929.1075896580484,22.329442644654094,58.85166429995603,59.917937047488785
929.9416180150125,22.277615612617378,58.753911178345305,59.87098553220025
930.7756463719767,22.112995529936377,60.5917477705466,59.58817736083756
931.6096747289408,22.404461428219328,57.83591627839477,59.91223395399181
932.443703085905,22.273977519370124,59.050656241869795,60.747866639682435
933.277731442869,22.61008897352904,56.56399126057265,59.6334287543882
934.1117597998332,22.184678003897204,59.07637719286252,59.956893536460335
934.9457881567973,22.364275533302518,58.189474166058815,60.34747297163064
935.7798165137615,22.50198031396302,56.74810231253278,60.30823439779865
936.6138448707256,22.275488612344265,57.58300545708282,59.81434934157355
937.4478732276898,22.314475857247057,57.58158940153421,58.75081578040084
938.281901584654,22.587368835955,57.32834182108429,60.0704265458977
939.115929941618,22.023912708094027,60.90049230025927,58.854020876833914
939.9499582985821,22.31588020368411,57.42830919527528,60.529433065762206
940.7839866555463,22.32819092949662,57.05594646655483,59.95970311422571
941.6180150125105,22.86906726001718,53.60504671138403,60.34907179298533
942.4520433694746,22.7602171188056,55.6524750073624,59.50934561611021
943.2860717264388,22.474167407781746,56.6662373920434,59.23304139409876
944.1201000834028,22.72501591218659,55.77912956586245,60.06567876683896
944.954128440367,22.20140642125245,59.37084970662305,59.950181086101665
945.7881567973311,22.557477327463157,56.45326114342208,59.76136477246152
946.6221851542953,22.097491423874946,58.93202923409868,60.03820173945599
947.4562135112594,22.602492795194436,56.58293288739323,61.26328515290914
948.2902418682236,22.49272000552223,56.39431254822911,60.41159743857763
949.1242702251877,22.643837622007062,56.019359325935405,60.526742613348475
949.9582985821518,22.486408874180263,56.034420141780366,60.452930725848624
950.7923269391159,22.223979144783595,58.96636739565945,60.75788975932104
951.6263552960801,23.10407348195272,51.5387953871211,60.02585217109619
952.4603836530442,22.992620624999155,51.949533888583325,59.20627257056186
953.2944120100084,22.768205232136108,54.40954906474253,60.06585835972667
954.1284403669725,22.613884753133213,55.245122576633456,60.53608446814597
954.9624687239366,22.438430045711783,56.28970948392629,59.75474688506321
955.7964970809007,22.71164250220671,55.72451980073438,60.13241647493194
956.6305254378649,22.85767165940083,54.00371368131275,59.92137729804274
957.464553794829,22.430972631819344,56.34904161530377,60.92974580395967
958.2985821517932,22.561333243444594,56.18559653232376,60.61251164718406
959.1326105087574,22.642384049433012,54.47616897644295,60.59013494798097
959.9666388657215,22.455722735348008,55.68847083958708,60.598608179033704
960.8006672226855,22.816860994311295,54.25453824984252,60.32432947204054
961.6346955796497,22.767733156065074,52.558530052450855,60.452452000779765
962.4687239366139,22.74812015708562,54.62809253119577,59.85293247837602
963.302752293578,22.778299635862727,53.37141628730866,59.42533215635924
964.1367806505422,22.844442103085363,52.97255116165837,60.499982492803255
964.9708090075063,22.611037463607442,55.41688840953047,60.601703731938095
965.8048373644704,23.472354420634687,48.14711073006819,61.02378424113932
966.6388657214345,23.158535262363184,49.797704743548366,61.21066602514821
967.4728940783987,23.271237494164126,50.001484117947534,61.23425429675943
968.3069224353628,23.046499537800962,51.2709078924075,60.10307245122657
969.140950792327,22.927985087983302,51.25101337617295,60.41832755942948
969.9749791492911,23.31227618715854,48.77869180374711,60.81789430796049
970.8090075062553,23.38481665922079,49.49927695063425,61.76622892516295
971.6430358632193,23.399091454953798,49.5019187123682,61.318272883692785
972.4770642201835,22.63756364119655,55.251934267133215,61.181539422013216
973.3110925771476,22.616899911595276,53.847184970726964,60.529112148469615
974.1451209341118,23.24785978143572,49.636797594692325,60.33220401154607
974.9791492910759,23.307811056994147,49.495889889965504,61.11089809213386
975.8131776480401,23.462982059470455,47.852740250273285,60.28705372985384
976.6472060050041,23.65146199122349,46.25629337295582,60.70173020242335
977.4812343619683,23.27549894614563,49.248896626461104,60.784262684175246
978.3152627189324,23.45387698364822,47.43031198140578,61.579817752940095
979.1492910758966,23.226590043120346,48.83977090600625,60.730693820290156
979.9833194328608,23.420464449060315,45.87715972815862,59.82014867685323
980.8173477898249,23.50404587149411,47.15005741887335,61.17251497911777
981.6513761467891,23.318948924103864,48.55235523436088,60.65885672586951
982.4854045037531,23.338571165858117,48.70643392456012,61.02069730522238
983.3194328607173,23.180532967307418,48.56043313151592,60.99078542060796
984.1534612176814,23.73049782915132,45.19320900933335,60.93511461334845
984.9874895746456,23.45277843152914,48.86908974765012,61.44260049062063
985.8215179316097,23.611789617985124,45.650383554673354,60.426008032936785
986.6555462885739,23.344563680520473,47.98964335457206,60.91217223079398
987.4895746455379,23.54264303540264,46.59079184537159,61.481855706162165
988.3236030025021,23.980888308377033,43.89167680629527,60.92708630676038
989.1576313594662,23.510696988529542,45.559124467116625,60.50902021490696
989.9916597164304,23.52961595218174,46.54499703777004,61.56356203914841
990.8256880733945,23.41776573162212,46.7497806512925,61.79800087898282
991.6597164303587,23.60454444099753,45.15188686154436,61.302420994145095
992.4937447873228,23.320610517248,47.92229334337162,60.47051034814872
993.3277731442869,23.600071678480912,46.73832378084036,61.700957861254
994.161801501251,23.894499800080705,44.22290936382765,60.66685818934554
994.9958298582152,23.614938769343006,45.79564015419943,61.58345638435195
995.8298582151793,23.315843359195327,47.6873172794644,61.075976720836174
996.6638865721435,23.590222089175217,47.49704546869261,60.98439328494364
997.4979149291077,23.987345215131864,41.520155511344825,61.33859078361272
998.3319432860717,23.941341406408018,41.82595735593221,61.48623652783453
999.1659716430358,23.377232431676276,45.93059333446248,61.310234651070154
1000.0,24.196509820984076,41.117798150067706,61.89658754920106
